{
  "p_home": [
    [
      0.045720000000000004,
      -0.041275000000000006,
      0.0
    ],
    [
      0.0635,
      -0.03302,
      0.009525
    ],
    [
      0.16510000000000002,
      -0.03302,
      0.009525
    ],
    [
      0.31496,
      -0.03302,
      0.009525
    ],
    [
      0.381,
      -0.027940000000000006,
      0.009525
    ],
    [
      0.54572,
      -0.24127500000000002,
      0.0
    ],
    [
      0.5635,
      -0.33302,
      0.309525
    ],
    [
      0.6651,
      -0.13302,
      0.209525
    ],
    [
      0.51496,
      -0.23302,
      0.109525
    ],
    [
      0.681,
      -0.32794,
      0.309525
    ]
  ],
  "a_home": [
    [
      0.0,
      0.0,
      1.0
    ],
    [
      0.0,
      1.0,
      0.0
    ],
    [
      0.0,
      1.0,
      0.0
    ],
    [
      0.0,
      -1.0,
      0.0
    ],
    [
      0.0,
      0.0,
      1.0
    ],
    [
      0.0,
      0.0,
      1.0
    ],
    [
      0.0,
      1.0,
      0.0
    ],
    [
      0.0,
      1.0,
      0.0
    ],
    [
      0.0,
      -1.0,
      0.0
    ],
    [
      0.0,
      0.0,
      1.0
    ]
  ]
}